<?xml version="1.0" encoding="UTF-8"?>
<metadata xml:lang="en"><Esri><CreaDate>20191029</CreaDate><CreaTime>17051400</CreaTime><ArcGISFormat>1.0</ArcGISFormat><SyncOnce>TRUE</SyncOnce><DataProperties><lineage><Process ToolSource="c:\program files (x86)\arcgis\desktop10.6\ArcToolbox\Toolboxes\Data Management Tools.tbx\CalculateField" Date="20191028" Time="140715">CalculateField SSA4_byBrgy Pct_LS ( [Area_LS] / [AREA] )*100 VB #</Process><Process ToolSource="c:\program files (x86)\arcgis\desktop10.6\ArcToolbox\Toolboxes\Data Management Tools.tbx\CalculateField" Date="20191028" Time="140808">CalculateField SSA4_byBrgy Pct_SS1 ( [Area_SS1] / [AREA] )*100 VB #</Process><Process ToolSource="c:\program files (x86)\arcgis\desktop10.6\ArcToolbox\Toolboxes\Data Management Tools.tbx\CalculateField" Date="20191028" Time="140814">CalculateField SSA4_byBrgy Pct_SS2 ( [Area_SS2] / [AREA] )*100 VB #</Process><Process ToolSource="c:\program files (x86)\arcgis\desktop10.6\ArcToolbox\Toolboxes\Data Management Tools.tbx\CalculateField" Date="20191028" Time="140820">CalculateField SSA4_byBrgy Pct_SS3 ( [Area_SS3] / [AREA] )*100 VB #</Process><Process ToolSource="c:\program files (x86)\arcgis\desktop10.6\ArcToolbox\Toolboxes\Data Management Tools.tbx\CalculateField" Date="20191028" Time="140826">CalculateField SSA4_byBrgy Pct_SS4 ( [Area_SS4] / [AREA] )*100 VB #</Process><Process ToolSource="c:\program files (x86)\arcgis\desktop10.6\ArcToolbox\Toolboxes\Data Management Tools.tbx\CalculateField" Date="20191028" Time="143411">CalculateField FireHaz_byBrgy Pct_Fr ( [Area_Fr] / [AREA] )*100 VB #</Process></lineage><itemProps><itemLocation><linkage Sync="TRUE">file://\\FREXLS-DELL\C$\Users\FCampomanes\Desktop\CENVI_Research\MandaueCity\Cordaid\MandaueCity\Mandaue City barangays</linkage><protocol Sync="TRUE">Local Area Network</protocol></itemLocation></itemProps><copyHistory><copy source="X:\Firecheck\Feature Extraction\Mandaue_City\fwdmandauecitybarangays\Mandaue City barangays" dest="\\FREXLS-DELL\C$\Users\FCampomanes\Desktop\CENVI_Research\MandaueCity\Cordaid\MandaueCity\Mandaue City barangays" date="20191029" time="17051400"></copy></copyHistory></DataProperties></Esri></metadata>
